{"cameraMode":{"drawMode":0,"name":"Shaded","section":"Shading Mode"},"sceneLighting":true,"audioPlay":false,"sceneViewState":{"showFog":false,"showMaterialUpdate":false,"showSkybox":true,"showFlares":true,"showImageEffects":true,"showParticleSystems":true},"in2DMode":false,"pivot":{"x":-8.222087860107422,"y":16.741334915161134,"z":-103.62059020996094},"rotation":{"x":-0.2701314389705658,"y":-0.0916840136051178,"z":0.02585095912218094,"w":-0.9581053853034973},"size":149.0547332763672,"orthographic":false}