{"cameraMode":{"drawMode":0,"name":"Shaded","section":"Shading Mode"},"sceneLighting":true,"audioPlay":false,"sceneViewState":{"showFog":true,"showMaterialUpdate":false,"showSkybox":true,"showFlares":true,"showImageEffects":true,"showParticleSystems":true},"in2DMode":false,"pivot":{"x":-46.8006591796875,"y":-14.61707878112793,"z":-105.29698944091797},"rotation":{"x":-0.016089003533124925,"y":0.947153627872467,"z":-0.31683260202407839,"w":-0.04805593192577362},"size":458.89813232421877,"orthographic":false}