{"cameraMode":{"drawMode":0,"name":"Shaded","section":"Shading Mode"},"sceneLighting":false,"audioPlay":false,"sceneViewState":{"showFog":true,"showMaterialUpdate":false,"showSkybox":false,"showFlares":true,"showImageEffects":true,"showParticleSystems":true},"in2DMode":false,"pivot":{"x":-0.0002147369086742401,"y":0.03831775486469269,"z":1.1610000133514405},"rotation":{"x":-0.03260330483317375,"y":0.9674423933029175,"z":-0.1763509064912796,"w":-0.17873899638652802},"size":0.2638036608695984,"orthographic":false}