{"cameraMode":{"drawMode":0,"name":"Shaded","section":"Shading Mode"},"sceneLighting":true,"audioPlay":false,"sceneViewState":{"showFog":true,"showMaterialUpdate":false,"showSkybox":true,"showFlares":true,"showImageEffects":true,"showParticleSystems":true},"in2DMode":false,"pivot":{"x":-44.65936279296875,"y":11.099130630493164,"z":11.57719612121582},"rotation":{"x":-0.08356844633817673,"y":0.9080567955970764,"z":-0.218180313706398,"w":-0.34770986437797549},"size":174.4817657470703,"orthographic":false}