{"cameraMode":{"drawMode":0,"name":"Shaded","section":"Shading Mode"},"sceneLighting":true,"audioPlay":false,"sceneViewState":{"showFog":true,"showMaterialUpdate":false,"showSkybox":true,"showFlares":true,"showImageEffects":true,"showParticleSystems":true},"in2DMode":false,"pivot":{"x":702.4070434570313,"y":238.89361572265626,"z":143.5977783203125},"rotation":{"x":-0.1371680200099945,"y":-0.8037603497505188,"z":0.20335474610328675,"w":-0.5421172976493836},"size":401.9246826171875,"orthographic":false}