{"cameraMode":{"drawMode":0,"name":"Shaded","section":"Shading Mode"},"sceneLighting":false,"audioPlay":false,"sceneViewState":{"showFog":true,"showMaterialUpdate":false,"showSkybox":true,"showFlares":true,"showImageEffects":true,"showParticleSystems":true},"in2DMode":false,"pivot":{"x":4.079133033752441,"y":144.99600219726563,"z":15.945451736450196},"rotation":{"x":0.2821264863014221,"y":0.3281051516532898,"z":-0.1049872562289238,"w":0.8956002593040466},"size":297.6676025390625,"orthographic":false}