{"cameraMode":{"drawMode":0,"name":"Shaded","section":"Shading Mode"},"sceneLighting":true,"audioPlay":false,"sceneViewState":{"showFog":true,"showMaterialUpdate":false,"showSkybox":true,"showFlares":true,"showImageEffects":true,"showParticleSystems":true},"in2DMode":false,"pivot":{"x":129.95938110351563,"y":-69.42357635498047,"z":9.73348617553711},"rotation":{"x":0.33785271644592287,"y":0.4139660894870758,"z":-0.1688748449087143,"w":0.8282606601715088},"size":368.8354187011719,"orthographic":false}