{"cameraMode":{"drawMode":0,"name":"Shaded","section":"Shading Mode"},"sceneLighting":false,"audioPlay":false,"sceneViewState":{"showFog":true,"showMaterialUpdate":false,"showSkybox":false,"showFlares":true,"showImageEffects":true,"showParticleSystems":true},"in2DMode":false,"pivot":{"x":1.350000023841858,"y":5.039999961853027,"z":2.9699997901916506},"rotation":{"x":-0.08456326276063919,"y":0.8383492827415466,"z":-0.13597388565540315,"w":-0.5211694836616516},"size":6.451597213745117,"orthographic":false}