{"cameraMode":{"drawMode":0,"name":"Shaded","section":"Shading Mode"},"sceneLighting":false,"audioPlay":false,"sceneViewState":{"showFog":true,"showMaterialUpdate":false,"showSkybox":false,"showFlares":true,"showImageEffects":true,"showParticleSystems":true},"in2DMode":false,"pivot":{"x":425.2330017089844,"y":372.47369384765627,"z":3.989227294921875},"rotation":{"x":0.002099951496347785,"y":0.007525866385549307,"z":-0.0012824744917452336,"w":1.0001708269119263},"size":308.5863952636719,"orthographic":false}