{"cameraMode":{"drawMode":0,"name":"Shaded","section":"Shading Mode"},"sceneLighting":false,"audioPlay":false,"sceneViewState":{"showFog":true,"showMaterialUpdate":false,"showSkybox":false,"showFlares":true,"showImageEffects":true,"showParticleSystems":true},"in2DMode":false,"pivot":{"x":12.692880630493164,"y":9.180000305175782,"z":137.59771728515626},"rotation":{"x":-0.0006372853531502187,"y":0.8529050946235657,"z":-0.5221110582351685,"w":-0.0010148481233045459},"size":11.371710777282715,"orthographic":false}