{"cameraMode":{"drawMode":0,"name":"Shaded","section":"Shading Mode"},"sceneLighting":false,"audioPlay":false,"sceneViewState":{"showFog":true,"showMaterialUpdate":false,"showSkybox":false,"showFlares":true,"showImageEffects":true,"showParticleSystems":true},"in2DMode":false,"pivot":{"x":-0.002899999963119626,"y":0.05299999937415123,"z":0.25099998712539675},"rotation":{"x":-0.07336728274822235,"y":0.8512535095214844,"z":-0.12369181215763092,"w":-0.5047222971916199},"size":1.47300124168396,"orthographic":false}