{"cameraMode":{"drawMode":0,"name":"Shaded","section":"Shading Mode"},"sceneLighting":true,"audioPlay":false,"sceneViewState":{"showFog":true,"showMaterialUpdate":false,"showSkybox":true,"showFlares":true,"showImageEffects":true,"showParticleSystems":true},"in2DMode":false,"pivot":{"x":9.499784469604493,"y":-44.34672546386719,"z":16.537845611572267},"rotation":{"x":-0.0006372853531502187,"y":0.8529050946235657,"z":-0.5221110582351685,"w":-0.0010148481233045459},"size":356.19268798828127,"orthographic":false}