{"cameraMode":{"drawMode":0,"name":"Shaded","section":"Shading Mode"},"sceneLighting":true,"audioPlay":false,"sceneViewState":{"showFog":true,"showMaterialUpdate":false,"showSkybox":true,"showFlares":true,"showImageEffects":true,"showParticleSystems":true},"in2DMode":false,"pivot":{"x":390.132080078125,"y":291.90899658203127,"z":103.12223815917969},"rotation":{"x":0.0904930904507637,"y":0.005892619956284761,"z":-0.0017985664308071137,"w":0.9960704445838928},"size":228.35504150390626,"orthographic":false}