{"cameraMode":{"drawMode":0,"name":"Shaded","section":"Shading Mode"},"sceneLighting":true,"audioPlay":false,"sceneViewState":{"showFog":true,"showMaterialUpdate":false,"showSkybox":true,"showFlares":true,"showImageEffects":true,"showParticleSystems":true},"in2DMode":false,"pivot":{"x":758.303955078125,"y":253.8409881591797,"z":-101.14158630371094},"rotation":{"x":0.18369175493717194,"y":0.6585045456886292,"z":-0.17037038505077363,"w":0.7097855806350708},"size":502.20050048828127,"orthographic":false}