{"cameraMode":{"drawMode":0,"name":"Shaded","section":"Shading Mode"},"sceneLighting":false,"audioPlay":false,"sceneViewState":{"showFog":true,"showMaterialUpdate":false,"showSkybox":false,"showFlares":true,"showImageEffects":true,"showParticleSystems":true},"in2DMode":false,"pivot":{"x":-5.380000114440918,"y":14.390999794006348,"z":-245.91600036621095},"rotation":{"x":-0.08639250695705414,"y":0.8312361836433411,"z":-0.1348186433315277,"w":-0.5324382185935974},"size":5.927911758422852,"orthographic":false}